{"cameraMode":{"drawMode":0,"name":"Shaded","section":"Shading Mode"},"sceneLighting":true,"audioPlay":false,"sceneViewState":{"showFog":true,"showMaterialUpdate":false,"showSkybox":true,"showFlares":true,"showImageEffects":true,"showParticleSystems":true},"in2DMode":false,"pivot":{"x":92.59334564208985,"y":25.068267822265626,"z":63.520782470703128},"rotation":{"x":0.34738174080848696,"y":0.023908283561468126,"z":-0.008860147558152676,"w":0.9373770356178284},"size":1.0492665767669678,"orthographic":false}